Activation Functions,Precision,Recall,F1 Score,Accuracy,Loss
"['relu', 'sigmoid', 'tanh', 'relu', 'sigmoid', 'tanh', 'relu']",0.937862605485232,0.9322916666666666,0.928310770891904,0.9322916865348816,0.15361519157886505
"['tanh', 'relu', 'selu', 'sigmoid', 'tanh', 'relu', 'selu']",0.9948273401826483,0.9947916666666666,0.9947726139008979,0.9947916865348816,0.008650515228509903
"['sigmoid', 'selu', 'relu', 'tanh', 'sigmoid', 'selu', 'tanh']",0.5703396267361112,0.7552083333333334,0.6498825420375866,0.7552083134651184,0.5698722004890442
"['selu', 'tanh', 'sigmoid', 'relu', 'selu', 'tanh', 'sigmoid']",0.9948273401826483,0.9947916666666666,0.9947726139008979,0.9947916865348816,0.01240993570536375
